{
  "current": {
    "logo": "",
    "favicon": "",
    "colors_solid_button_labels": "#FFFFFF",
    "colors_accent_1": "#121212",
    "colors_accent_2": "#334FB4",
    "colors_text": "#121212",
    "colors_outline_button_labels": "#121212",
    "colors_background_1": "#FFFFFF",
    "colors_background_2": "#F3F3F3",
    "type_header_font": "playfair_display_n7",
    "type_body_font": "inter_n4",
    "sections": {
      "header": {
        "type": "header",
        "settings": {
          "logo_width": 140,
          "menu": "main-menu",
          "show_line_separator": true,
          "enable_sticky_header": true
        }
      },
      "footer": {
        "type": "footer",
        "settings": {
          "newsletter_enable": true,
          "newsletter_heading": "Subscribe to our emails",
          "show_social": true,
          "enable_country_selector": true,
          "enable_language_selector": true,
          "payment_enable": true
        }
      }
    }
  }
}